member_id,role
b69410286,user
b94795771,admin
b81402685,user
b84865982,user
b68312213,admin
b09294091,admin
b81795472,user
b65923036,user
b50809533,user
b89766969,admin
b82982114,user
b74101441,user
b72176783,admin
b02658750,user
b93516525,user
b93798134,user
b64838281,user
b27927119,user
b13752456,user
b10488056,user
b79579692,user
b88118911,user
b46585960,user
b87500802,user
b89955315,user
b79904053,user
b88409458,user
b12997834,user
b76675206,user
b16967217,user
b77718072,user
b54508641,admin
b77444031,user
b81127483,user
b66473901,user
b62256597,user
b86808599,user
b32943596,user
b28683134,user
b46349333,user
b44469263,user
b10673081,user
b47717281,user
b64292752,user
b03647857,user
b49117635,user
b90166470,user
b43401366,user
b38479107,user
b14112506,user
b82664252,user
b57129627,user
b30709021,user
b61791828,user
b13567356,user
b57155030,user
b98158005,user
b70119270,user
b48711467,user
b25478137,user
b53292923,user
b47730822,user
b58878989,user
b36101894,user
b18980962,user
b51771095,user
b62997101,user
b40804685,user
b56439742,user
b91296701,user
b12395348,user
b68174155,user
b92679613,user
b52692137,user
b58174839,user
b74407264,user
b63367190,user
b69454785,user
b68209806,user
b43124711,user
b27119713,user
b83420220,user
b56700729,user
b29980076,user
b85582768,user
b21366829,user
b14570699,user
b06719585,user
b82572217,user
b37224362,user
b07167467,user
b87248408,user
b06256649,user
b83594721,user
b24734901,user
b03545242,user
b13777390,user
b46916945,user
b14180145,user
b02716888,user
b36802607,user
b01671250,user
b72596937,user
b31739114,user
b50470059,user
b81350161,user
b28838300,user
b09271391,user
b98334660,user
b76991414,user
b44489058,user
b80206594,user
b03960760,user
b87749399,user
b89776741,user
b80656793,user
b77816636,user
b35319453,user
b58459814,user
b85544648,user
b89460362,user
b00351484,user
b75804835,user
b61492942,user
b53860695,user
b97484536,user
b71424122,user
b20322436,user
b01506368,user
b74103124,user
b70830299,user
b95667764,user
b76289930,user
b43534170,user
b98119512,user
b34485466,user
b34747846,user
b83435128,user
b76758503,user
b72855747,user
b96393437,user
b67322831,user
b85675079,user
b77847912,user
b79846954,user
b98705264,user
b74868190,user
b84110886,user
b86980749,user
b87852165,user
b72750111,user
b21927654,user
b54369434,user
b42827519,user
b43703727,user
b57699855,user
b02519260,user
b12827784,user
b06230912,user
b10585973,user
b62360579,user
b27695930,user
b18774436,user
b66377335,user
b49381915,user
b90639745,user
b97536285,user
b74535472,user
b39750793,user
b28645027,user
b64552501,user
b79971673,user
b94273237,user
b60215420,user
b48456205,user
b12558549,user
b25475434,user
b26993141,user
b58675796,user
b35787395,user
b09597128,user
b25981299,user
b81398058,user
b11516710,user
b69463924,user
b87480010,user
b32937694,user
b95362085,user
b48971894,user
b53638657,user
b21452285,user
b10211220,user
b18364177,user
b51354074,user
b45192114,user
b94632527,user
b56928602,user
b31914450,user
b44238370,user
b63286791,user
b35440246,user
b37528457,user
b26567968,user
b78804942,user
b40688310,user
b81687729,user
b36732913,user
b53361080,user
b04318170,user
b80846850,user
b73521616,user
b85965237,user
b80907950,user
b59973580,user
b77804974,user
b21206460,user
b42111891,user
b23683144,user
b51999399,user
b50690784,user
b11561245,user
b83709027,user
b56432707,user
b27216107,user
b73539364,user
b20678959,user
b98411693,user
b12970178,user
b91228331,user
b33522648,user
b40712195,user
b93831319,user
b27387506,user
b19336584,user
b63507829,user
b44440625,user
b36135841,user
b96337660,user
b47273214,user
b57353581,user
b90244371,user
b24678566,user
b57153942,user
b23613033,user
b65170937,user
b60658078,user
b71811381,user
b70967909,user
b74659160,user
b73751739,user
b88993654,user
b44283378,user
b31514302,user
b93512206,user
b88318555,user
b19464794,user
b21597109,user
b24886241,user
b72922883,user
b96675216,user
b35779397,user
b60306105,user
b19812860,user
b96742030,user
b16120013,user
b81773624,user
b65261427,user
b59141887,user
b41702460,user
b28956314,user
b11788139,user
b57423699,user
b05823343,user
b76261892,user
b04546618,user
b45165213,user
b35619059,user
b09121077,user
b59853562,user
b31362971,user
b69153524,user
b19463332,user
b94551155,user
b92805929,user
b50420437,user
b93344362,user
b57259408,user
b85355659,user
b93994976,user
b72741338,user
b70211585,user
b67195882,user
b53482595,user
b13921013,user
b88432146,user
b12798537,user
b91902412,user
b41158927,user
b15899896,user
b93292570,user
b75608277,user
b61347658,user
b68632686,user
b12925762,user
b53542798,user
b41219910,user
b94708888,user
b06453361,user
b11495967,user
b70665799,user
b67623290,user
b55158900,user
b62285301,user
b36692876,user
b38990004,user
b88329343,user
b98732284,user
b52282622,user
b64181524,user
b10536528,user
b29193303,user
b61274669,user
b74493855,user
b20712576,user
b28478291,user
b01661354,user
b85396638,user
b02109829,user
b32761052,user
b51398278,user
b36882101,user
b70827067,user
b44115082,user
b90163148,user
b07934356,user
b20936953,user
b76579649,user
b61838696,user
b00261925,user
b29712175,user
b41480533,user
b29807942,user
b16649866,user
b78443067,user
b92213967,user
b86281866,user
b93359543,user
b75869479,user
b12492305,user
b73605502,user
b29764231,user
b48119979,user
b50799692,user
b74516964,user
b03753577,user
b42203563,user
b70860373,user
b07159597,user
b77125786,user
b89785239,user
b48860748,user
b41682342,user
b13648806,user
b56425610,user
b90953431,user
b21682372,user
b19825973,user
b50504665,user
b23596866,user
b95436361,user
b27652734,user
b12493953,user
b37900548,user
b28215497,user
b21182286,user
b99742629,user
b35873074,user
b83953187,user
b40430596,user
b94448759,user
b62697722,user
b52805938,user
b97760721,user
b70594342,user
b35795785,user
b63314419,user
b47834797,user
b60711092,user
b19150268,user
b11224784,user
b81847132,user
b56594649,user
b10671399,user
b92461961,user
b69732499,user
b01859846,user
b60364730,user
b76712893,user
b48917470,user
b70413827,user
b84378456,user
b48310801,user
b72862893,user
b97771434,user
b65893254,user
b71768857,user
b64776951,user
b63260089,user
b55933633,user
b79190701,user
b58475508,user
b41909911,user
b53303410,user
b58276802,user
b79403157,user
b10730624,user
b20488439,user
b63903408,user
b26710407,user
b76940159,user
b19175706,user
b65280377,user
b20394789,user
b41110052,user
b23763886,user
b02747682,user
b58137705,user
b72177708,user
b66898496,user
b95798839,user
b63644541,user
b06635176,user
b20523306,user
b62915544,user
b34523949,user
b83213753,user
b36355034,user
b12314232,user
b70462493,user
b10877786,user
b98822399,user
b35753810,user
b15872862,user
b70950637,user
b43316857,user
b25548970,user
b41484101,user
b50862811,user
b13465988,user
b91819543,user
b53662053,user
b30349305,user
b19885914,user
b84436412,user
b67740933,user
b10180565,user
b48770940,user
b73380725,user
b20136890,user
b81121364,user
b12381862,user
b02382738,user
b59272300,user
b24510510,user
b74252623,user
b31845608,user
b10840262,user
b05599054,user
b96689725,user
b15398563,user
b05743730,user
b45876690,user
b04455345,user
b79671098,user
b21365996,user
b03817609,user
b18854057,user
b02576486,user
b71932110,user
b57264810,user
b94369192,user
b50833435,user
b60826414,user
b34416159,user
b90607804,user
b86578410,user
b12176846,user
b33209419,user
b11628870,user
b28256313,user
b51961846,user
b76158027,user
b12655927,user
b36240256,user
b31711859,user
b80238968,user
b38276592,user
b42159786,user
b51255153,user
b22201712,user
b56622063,user
b75907912,user
b56490558,user
b64989261,user
b56936084,user
b27148208,user
b01146692,user
b14197015,user
b13221453,user
b04359329,user
b49744223,user
b57807127,user
b56466138,user
b40176126,user
b58914521,user
b51221644,user
b01732993,user
b03127111,user
b59363310,user
b12504603,user
b55910687,user
b84266168,user
b67386225,user
b02634634,user
b79569835,user
b41230843,user
b00344774,user
b01962068,user
b35549587,user
b36204204,user
b29960742,user
b22504591,user
b77487142,user
b04258628,user
b27853752,user
b96294672,user
b11377244,user
b10825587,user
b32658566,user
b99573452,user
b02370484,user
b19942372,user
b68339273,user
b73370124,user
b07178274,user
b80373237,user
b84884392,user
b74182777,user
b95816175,user
b32786518,user
b70124723,user
b82597521,user
b51924809,user
b91385481,user
b50260679,user
b30480971,user
b07338606,user
b49824872,user
b93621748,user
b64860634,user
b25358493,user
b82446460,user
b31231470,user
b40869955,user
b76309991,user
b52642031,user
b11594905,user
b75863349,user
b22296546,user
b58790618,user
b13761750,user
b77616633,user
b86787400,user
b54211600,user
b31180425,user
b36133327,user
b87711459,user
b97893670,user
b58411300,user
b84593754,user
b49467291,user
b72934620,user
b64674667,user
b92185590,user
b59678608,user
b95430913,user
b93893000,user
b23475472,user
b89395326,user
b30430496,user
b46556622,user
b85968869,user
b85489218,user
b49533856,user
b93889202,user
b24514502,user
b19566032,user
b95340058,user
b69442737,user
b09414581,user
b94546322,user
b50886890,user
b94500116,user
b86906347,user
b86786883,user
b71541873,user
b16529639,user
b75753256,user
b76780066,user
b51508821,user
b46444987,user
b51306173,user
b62837885,user
b05461512,user
b67726500,user
b42499851,user
b89104951,user
b02432585,user
b45266058,user
b39262900,user
b32889304,user
b53417862,user
b85868570,user
b75705373,user
b69896226,user
b70994165,user
b12942856,user
b44595088,user
b59927632,user
b12768273,user
b84757189,user
b73327388,user
b61192164,user
b61550802,user
b54157983,user
b33403733,user
b32962549,user
b02240243,user
b98314174,user
b59695307,user
b98883360,user
b88821876,user
b03936012,user
b74163698,user
b55551454,user
b61717385,user
b27278110,user
b35662198,user
b30779380,user
b53495758,user
b58408605,user
b76781597,user
b17351700,user
b76737458,user
b41541229,user
b19855576,user
b33124446,user
b09276136,user
b71633326,user
b27896028,user
b64141381,user
b49331443,user
b58986592,user
b89281116,user
b95709778,user
b12720123,user
b69551182,user
b91659103,user
b24348670,user
b16828684,user
b66513718,user
b00764107,user
b78295805,user
b94515847,user
b16870743,user
b12216385,user
b48835457,user
b89727417,user
b76319478,user
b65800739,user
b03794859,user
b02181098,user
b45478516,user
b28644314,user
b55267011,user
b76590841,user
b82310130,user
b07483614,user
b11782394,user
b71353538,user
b83734285,user
b22435997,user
b73326239,user
b22811726,user
b96755229,user
b25200287,user
b54477827,user
b76643610,user
b78119986,user
b21808553,user
b87795956,user
b36532045,user
b91678622,user
b06607418,user
b47768914,user
b07100599,user
b86603213,user
b43159450,user
b69404811,user
b21751820,user
b29473166,user
b61218393,user
b14326148,user
b35560770,user
b30138658,user
b89228779,user
b08297306,user
b82970265,user
b68632713,user
b96779039,user
b96374027,user
b97891845,user
b92816500,user
b96868519,user
b44824984,user
b65944130,user
b31873652,user
b38226715,user
b16836674,user
b94839485,user
b18588546,user
b62656686,user
b88420868,user
b02244501,user
b86861598,user
b10712333,user
b98711036,user
b70465950,user
b52797709,user
b42702566,user
b85757344,user
b08255761,user
b54433203,user
b85749676,user
b54105828,user
b25501252,user
b80122509,user
b42736565,user
b76193605,user
b19814968,user
b04310542,user
b55651639,user
b06722030,user
b13310370,user
b96688034,user
b37134180,user
b07583080,user
b08476822,user
b87455086,user
b32362225,user
b24481927,user
b70173051,user
b39392545,user
b88307812,user
b81919113,user
b55298438,user
b22932932,user
b41687093,user
b12390764,user
b33183937,user
b87998341,user
b96863686,user
b53511605,user
b86943804,user
b95474636,user
b81608889,user
b90528820,user
b98812989,user
b69549286,user
b14321976,user
b64510027,user
b38316781,user
b45965780,user
b61707516,user
b41733084,user
b86164548,user
b66578247,user
b38870486,user
b52134879,user
b22675242,user
b58774894,user
b00594234,user
b12556048,user
b12361783,user
b03268839,user
b50939703,user
b73511690,user
b46996504,user
b25137092,user
b12660887,user
b35139223,user
b21860062,user
b39881868,user
b61118283,user
b43614254,user
b14544471,user
b21214487,user
b84451742,user
b66626331,user
b89116950,user
b92968724,user
b51170826,user
b79237402,user
b16792883,user
b78702109,user
b45422652,user
b52993501,user
b62344853,user
b49241598,user
b99407089,user
b59754641,user
b54206069,user
b77216536,user
b86679353,user
b33737496,user
b04452719,user
b41959776,user
b43577176,user
b87414501,user
b12467242,user
b71480359,user
b55494484,user
b96943380,user
b39863192,user
b51250415,user
b32660290,user
b95771749,user
b33101443,user
b44370291,user
b87211945,user
b63940941,user
b13958145,user
b80771418,user
b63626659,user
b90552057,user
b62686512,user
b69772256,user
b82190673,user
b80550041,user
b52425359,user
b22202917,user
b17197340,user
b06412747,user
b18102132,user
b80498375,user
b70457172,user
b00882370,user
b03326241,user
b36283130,user
b53310862,user
b13929104,user
b40158428,user
b53107016,user
b16750101,user
b17369704,user
b34569728,user
b58425610,user
b89917110,user
b81253514,user
b43466842,user
b47977234,user
b36846984,user
b42688983,user
b85164848,user
b81452516,user
b14658773,user
b48276039,user
b32632582,user
b98253714,user
b69737042,user
b12109177,user
b50193730,user
b47547181,user
b06194837,user
b45425410,user
b14459136,user
b86701880,user
b82626839,user
b80383420,user
b17668448,user
b51442708,user
b57218207,user
b60579178,user
b54731839,user
b46157024,user
b08698972,user
b19493761,user
b47237772,user
b67162804,user
b43824724,user
b68178239,user
b15728629,user
b16293164,user
b61248693,user
b36441247,user
b67793660,user
b05404138,user
b85266946,user
b33240020,user
b97485651,user
b67978194,user
b94942851,user
b22255830,user
b06850649,user
b31676288,user
b17265812,user
b77282723,user
b52998565,user
b73718691,user
b94580334,user
b45674231,user
b82671531,user
b13962762,user
b14634677,user
b42866595,user
b55261865,user
b40456075,user
b95993281,user
b20457563,user
b93375277,user
b33494271,user
b65152667,user
b44830947,user
b18865384,user
b38412786,user
b96230301,user
b17878092,user
b37966425,user
b09572571,user
b62137461,user
b24991067,user
b57196513,user
b49329319,user
b80385777,user
b41897192,user
b16374581,user
b53110510,user
b38389368,user
b94434687,user
b43186865,user
b57893792,user
b14246525,user
b72894417,user
b04479409,user
b52356992,user
b03417620,user
b41756015,user
b72121388,user
b60697750,user
b72964007,user
b22280011,user
b91541037,user
b77250414,user
b54461374,user
b64427376,user
b00314308,user
b93152811,user
b24292579,user
b29422281,user
b97134534,user
b91700723,user
b39845038,user
b81788159,user
b05694996,user
b75576602,user
b49582421,user
b93791327,user
b65300594,user
b25670760,user
b62769993,user
b58249572,user
b51352900,user
b40681524,user
b04993146,user
b08837230,user
b69962126,user
b91548555,user
b24811900,user
b25289716,user
b86861158,user
b48201458,user
b67797261,user
b88579389,user
b20147533,user
b63578699,user
b18696017,user
b84229052,user
b29704115,user
b84714520,user
b97109349,user
